COLL_NOM;COLL_INSEE;ENFANT_SEXE;ENFANT_PRENOM;NOMBRE_OCCURENCES;﻿ANNEE
ANGERS;49007;F;Mila;18;2017
ANGERS;49007;F;Apolline;11;2017
ANGERS;49007;F;Cléa;4;2017
ANGERS;49007;F;Maëlle;4;2017
ANGERS;49007;F;Charlotte;20;2018
ANGERS;49007;F;Alix;7;2018
ANGERS;49007;F;Anaé;6;2018
ANGERS;49007;M;Noham;4;2013
ANGERS;49007;M;Marceau;11;2015
ANGERS;49007;M;Yassine;4;2015
ANGERS;49007;M;Eliott;20;2016
ANGERS;49007;M;Milan;6;2016
ANGERS;49007;M;Sacha;36;2017
ANGERS;49007;M;Simon;12;2017
ANGERS;49007;M;Amaury;7;2017
ANGERS;49007;M;Kenzo;5;2017
ANGERS;49007;M;Auguste;4;2017
ANGERS;49007;M;Auguste;5;2016
ANGERS;49007;M;Louis;44;2017
ANGERS;49007;M;Charles;4;2017
ANGERS;49007;M;Gustave;4;2017
ANGERS;49007;M;Hamza;4;2017
ANGERS;49007;M;Axel;20;2018
ANGERS;49007;M;Eliot;7;2018
ANGERS;49007;M;Kylian;6;2018
ANGERS;49007;M;Achille;5;2018
ANGERS;49007;M;Wassim;5;2018
ANGERS;49007;M;Timothée;4;2018
ANGERS;49007;F;Enora;20;2013
ANGERS;49007;F;Lina;19;2013
ANGERS;49007;F;Marie;7;2013
ANGERS;49007;F;Calie;5;2013
ANGERS;49007;F;Lou-Ann;5;2013
ANGERS;49007;F;Capucine;18;2014
ANGERS;49007;F;Lise;9;2014
ANGERS;49007;F;Line;7;2014
ANGERS;49007;F;Emmy;5;2015
ANGERS;49007;F;Suzie;4;2015
ANGERS;49007;F;Lola;34;2016
ANGERS;49007;F;Mila;22;2016
ANGERS;49007;F;Anouk;7;2017
ANGERS;49007;F;Emmy;5;2017
ANGERS;49007;F;Adèle;38;2018
ANGERS;49007;F;Olivia;14;2018
ANGERS;49007;F;Lisa;8;2018
ANGERS;49007;M;Eden;8;2013
ANGERS;49007;M;Yaël;6;2013
ANGERS;49007;M;Issam;5;2013
ANGERS;49007;M;Clément;28;2014
ANGERS;49007;M;Malo;24;2014
ANGERS;49007;M;Enzo;24;2016
ANGERS;49007;F;Agathe;13;2016
ANGERS;49007;F;Elena;5;2016
ANGERS;49007;F;Emma;38;2017
ANGERS;49007;M;Adrien;8;2014
ANGERS;49007;M;Lorenzo;5;2014
ANGERS;49007;M;Ryan;5;2014
ANGERS;49007;M;Eden;14;2015
ANGERS;49007;M;Robin;13;2015
ANGERS;49007;M;Sasha;8;2015
ANGERS;49007;M;Noam;7;2015
ANGERS;49007;M;Timothé;6;2015
ANGERS;49007;M;Naël;10;2014
ANGERS;49007;M;Rayan;6;2015
ANGERS;49007;M;Julian;6;2013
ANGERS;49007;M;Romain;6;2013
ANGERS;49007;M;Emmanuel;4;2016
ANGERS;49007;M;Nahil;4;2016
ANGERS;49007;M;Gaspard;15;2017
ANGERS;49007;M;Mohamed;9;2017
ANGERS;49007;M;Elias;7;2017
ANGERS;49007;M;Titouan;6;2017
ANGERS;49007;M;Luka;5;2017
ANGERS;49007;M;Isaac;9;2018
ANGERS;49007;M;Swan;6;2018
ANGERS;49007;M;Lenzo;5;2018
ANGERS;49007;F;Julia;11;2016
ANGERS;49007;F;Elisa;5;2016
ANGERS;49007;F;Joséphine;6;2017
ANGERS;49007;F;Calie;5;2017
ANGERS;49007;F;Clarisse;5;2017
ANGERS;49007;F;Emma;38;2018
ANGERS;49007;F;Lina;18;2018
ANGERS;49007;F;Mya;11;2018
ANGERS;49007;F;Thaïs;7;2018
ANGERS;49007;F;Maria;6;2018
ANGERS;49007;F;Cléo;4;2018
ANGERS;49007;F;Maddy;4;2018
ANGERS;49007;M;Baptiste;17;2013
ANGERS;49007;M;Enzo;31;2014
ANGERS;49007;M;Marius;25;2014
ANGERS;49007;M;Jean;11;2014
ANGERS;49007;M;Mohamed;7;2014
ANGERS;49007;M;Ali;6;2014
ANGERS;49007;M;Grégoire;4;2014
ANGERS;49007;M;Ilan;4;2014
ANGERS;49007;M;Loïs;4;2014
ANGERS;49007;M;Naël;15;2015
ANGERS;49007;M;Ayoub;9;2015
ANGERS;49007;M;Lucien;9;2015
ANGERS;49007;M;Mohamed;7;2015
ANGERS;49007;M;Manoé;6;2015
ANGERS;49007;M;Bilal;5;2015
ANGERS;49007;M;Auguste;4;2015
ANGERS;49007;M;Diego;4;2015
ANGERS;49007;M;Dorian;4;2015
ANGERS;49007;M;James;4;2015
ANGERS;49007;M;Alexis;15;2016
ANGERS;49007;M;Noam;13;2016
ANGERS;49007;M;Alexandre;8;2016
ANGERS;49007;F;Julia;19;2013
ANGERS;49007;F;Lison;13;2013
ANGERS;49007;F;Nina;12;2013
ANGERS;49007;F;Elise;9;2013
ANGERS;49007;F;Norah;7;2013
ANGERS;49007;F;Aya;6;2013
ANGERS;49007;F;Clarisse;5;2013
ANGERS;49007;F;Inès;36;2014
ANGERS;49007;F;Lilou;16;2014
ANGERS;49007;F;Eva;12;2014
ANGERS;49007;F;Zélie;10;2014
ANGERS;49007;F;Nell;9;2014
ANGERS;49007;F;Naomie;6;2014
ANGERS;49007;F;Miya;5;2014
ANGERS;49007;F;Hortense;4;2014
ANGERS;49007;F;Rachel;4;2014
ANGERS;49007;F;Enora;7;2015
ANGERS;49007;F;Suzanne;7;2015
ANGERS;49007;F;Lise;4;2015
ANGERS;49007;F;Lilou;17;2016
ANGERS;49007;M;Ethan;25;2017
ANGERS;49007;M;Robin;19;2017
ANGERS;49007;M;Axel;18;2017
ANGERS;49007;M;Louka;9;2017
ANGERS;49007;M;Alban;5;2017
ANGERS;49007;M;Léopold;4;2017
ANGERS;49007;M;Martin;29;2018
ANGERS;49007;M;Ethan;21;2018
ANGERS;49007;M;Mathis;20;2018
ANGERS;49007;M;Corentin;4;2018
ANGERS;49007;M;Mathis;16;2014
ANGERS;49007;M;Amaury;4;2014
ANGERS;49007;M;Ismaël;4;2014
ANGERS;49007;M;Alexandre;11;2015
ANGERS;49007;M;Adrien;7;2015
ANGERS;49007;M;Loris;4;2015
ANGERS;49007;M;Gaspard;20;2016
ANGERS;49007;M;Thibault;7;2016
ANGERS;49007;M;Tyméo;4;2016
ANGERS;49007;M;Baptiste;16;2017
ANGERS;49007;M;Aaron;17;2018
ANGERS;49007;M;Erwan;6;2018
ANGERS;49007;M;Mathys;6;2018
ANGERS;49007;M;Youssef;4;2018
ANGERS;49007;F;Valentine;10;2013
ANGERS;49007;F;Thaïs;9;2013
ANGERS;49007;F;Victoire;9;2013
ANGERS;49007;F;Laly;7;2013
ANGERS;49007;F;Anaé;5;2013
ANGERS;49007;F;Anaïs;18;2014
ANGERS;49007;F;Emy;10;2014
ANGERS;49007;F;Tessa;6;2014
ANGERS;49007;F;Goundoba;4;2014
ANGERS;49007;F;Alix;15;2015
ANGERS;49007;F;Axelle;8;2015
ANGERS;49007;F;Marion;8;2015
ANGERS;49007;F;Gabrielle;6;2015
ANGERS;49007;F;Eléna;5;2015
ANGERS;49007;F;Rose;34;2016
ANGERS;49007;F;Chloé;32;2016
ANGERS;49007;F;Léa;26;2016
ANGERS;49007;F;Zoé;25;2016
ANGERS;49007;F;Capucine;24;2016
ANGERS;49007;F;Léa;22;2017
ANGERS;49007;F;Agathe;16;2017
ANGERS;49007;F;Clémentine;5;2017
ANGERS;49007;F;Ema;4;2017
ANGERS;49007;F;Juline;4;2017
ANGERS;49007;F;Mélyne;4;2017
ANGERS;49007;F;Louise;38;2018
ANGERS;49007;F;Julia;22;2018
ANGERS;49007;F;Inès;17;2018
ANGERS;49007;F;Léa;17;2018
ANGERS;49007;F;Nour;5;2018
ANGERS;49007;F;Aliénor;4;2018
ANGERS;49007;M;Maxence;29;2013
ANGERS;49007;M;Lubin;7;2013
ANGERS;49007;M;Zacharie;4;2013
ANGERS;49007;M;Ethan;25;2014
ANGERS;49007;M;Lilian;5;2014
ANGERS;49007;M;Charles;4;2014
ANGERS;49007;M;Timéo;30;2015
ANGERS;49007;M;Léandre;15;2015
ANGERS;49007;M;Achille;6;2015
ANGERS;49007;M;Gaspard;14;2014
ANGERS;49007;M;Eden;12;2014
ANGERS;49007;M;Noam;7;2014
ANGERS;49007;M;David;4;2014
ANGERS;49007;M;Rafael;6;2015
ANGERS;49007;M;Robin;21;2016
ANGERS;49007;M;Yanis;15;2016
ANGERS;49007;M;Noa;10;2016
ANGERS;49007;M;Amine;4;2016
ANGERS;49007;M;Issam;4;2016
ANGERS;49007;M;Marlon;4;2016
ANGERS;49007;M;Léo;44;2017
ANGERS;49007;M;Noah;19;2017
ANGERS;49007;M;Aaron;15;2017
ANGERS;49007;M;Célestin;6;2017
ANGERS;49007;M;Eden;9;2018
ANGERS;49007;M;Arsène;6;2018
ANGERS;49007;F;Emy;12;2016
ANGERS;49007;F;Mya;10;2016
ANGERS;49007;F;Alice;22;2013
ANGERS;49007;F;Soline;19;2013
ANGERS;49007;F;Anna;10;2013
ANGERS;49007;F;Elina;10;2013
ANGERS;49007;F;Emmy;8;2013
ANGERS;49007;F;Eden;6;2013
ANGERS;49007;F;Ilyana;6;2013
ANGERS;49007;F;Aliya;5;2013
ANGERS;49007;F;Axelle;5;2013
ANGERS;49007;F;Lylou;5;2013
ANGERS;49007;F;Wendy;5;2013
ANGERS;49007;F;Jade;34;2014
ANGERS;49007;F;Léna;31;2014
ANGERS;49007;F;Margaux;23;2014
ANGERS;49007;F;Salomé;13;2014
ANGERS;49007;F;Lou;11;2014
ANGERS;49007;F;Alicia;6;2014
ANGERS;49007;F;Alyssa;6;2014
ANGERS;49007;F;Cloé;4;2014
ANGERS;49007;F;Adèle;25;2015
ANGERS;49007;F;Lina;16;2015
ANGERS;49007;F;Clara;15;2015
ANGERS;49007;F;Lou;12;2015
ANGERS;49007;F;Lia;7;2015
ANGERS;49007;F;Louison;6;2015
ANGERS;49007;F;Eloïse;5;2015
ANGERS;49007;F;Hanaé;5;2015
ANGERS;49007;F;Sara;4;2015
ANGERS;49007;F;Sarah;25;2016
ANGERS;49007;F;Luna;7;2016
ANGERS;49007;F;Nina;5;2016
ANGERS;49007;F;Norah;5;2016
ANGERS;49007;F;Aria;8;2018
ANGERS;49007;M;Jules;55;2013
ANGERS;49007;M;Eliott;14;2013
ANGERS;49007;M;Noa;10;2013
ANGERS;49007;M;Léon;9;2013
ANGERS;49007;M;Louis;36;2014
ANGERS;49007;M;Alexandre;12;2014
ANGERS;49007;M;Alexis;14;2015
ANGERS;49007;M;Amir;7;2015
ANGERS;49007;M;Félix;7;2015
ANGERS;49007;M;Léonard;6;2016
ANGERS;49007;M;Mahé;6;2016
ANGERS;49007;M;Arsène;5;2016
ANGERS;49007;M;Gustave;4;2016
ANGERS;49007;M;Hugo;37;2017
ANGERS;49007;F;Cassandre;5;2017
ANGERS;49007;F;Aliyah;4;2018
ANGERS;49007;M;Alex;5;2014
ANGERS;49007;M;Martin;32;2015
ANGERS;49007;M;Nino;24;2015
ANGERS;49007;M;Léon;17;2017
ANGERS;49007;M;Ezio;10;2017
ANGERS;49007;M;Rayan;7;2017
ANGERS;49007;M;Lorenzo;6;2017
ANGERS;49007;M;Milan;5;2017
ANGERS;49007;M;Valentin;11;2018
ANGERS;49007;M;Amir;9;2018
ANGERS;49007;F;Camille;28;2017
ANGERS;49007;F;Ambre;18;2017
ANGERS;49007;F;Gabrielle;14;2017
ANGERS;49007;F;Elise;10;2017
ANGERS;49007;F;Maëlys;9;2017
ANGERS;49007;F;Elisa;6;2017
ANGERS;49007;F;Lia;4;2017
ANGERS;49007;F;Mariam;4;2017
ANGERS;49007;F;Lola;26;2018
ANGERS;49007;F;Marion;5;2018
ANGERS;49007;M;Nolann;5;2013
ANGERS;49007;M;Nolan;31;2014
ANGERS;49007;M;Louison;7;2015
ANGERS;49007;M;Ewenn;5;2015
ANGERS;49007;M;Tiago;14;2016
ANGERS;49007;M;Milo;11;2016
ANGERS;49007;M;Owen;6;2017
ANGERS;49007;M;Anatole;5;2017
ANGERS;49007;M;Aubin;5;2017
ANGERS;49007;M;Ewen;8;2018
ANGERS;49007;M;Louison;7;2018
ANGERS;49007;M;Jean;6;2018
ANGERS;49007;M;Timothé;6;2018
ANGERS;49007;M;Gustave;5;2018
ANGERS;49007;M;Marwan;5;2018
ANGERS;49007;M;Alex;4;2018
ANGERS;49007;F;Gabrielle;10;2016
ANGERS;49007;F;Iris;8;2016
ANGERS;49007;F;Lilwenn;4;2016
ANGERS;49007;F;Jade;42;2017
ANGERS;49007;F;Léana;15;2017
ANGERS;49007;F;Elyne;4;2018
ANGERS;49007;F;Nora;4;2018
ANGERS;49007;M;Antonin;9;2014
ANGERS;49007;M;Joseph;9;2014
ANGERS;49007;M;Gauthier;4;2014
ANGERS;49007;M;Rafaël;4;2014
ANGERS;49007;M;Loan;4;2015
ANGERS;49007;M;Arthur;40;2016
ANGERS;49007;M;Ethan;19;2016
ANGERS;49007;M;Timéo;18;2016
ANGERS;49007;M;Léandre;9;2016
ANGERS;49007;M;Adrien;8;2017
ANGERS;49007;F;Lya;11;2017
ANGERS;49007;F;Athénaïs;4;2017
ANGERS;49007;F;Eléonore;8;2018
ANGERS;49007;F;Elena;7;2018
ANGERS;49007;F;Norah;6;2018
ANGERS;49007;F;Manel;5;2018
ANGERS;49007;F;Ninon;5;2018
ANGERS;49007;F;Syana;5;2018
ANGERS;49007;F;Eline;4;2018
ANGERS;49007;M;Amaury;9;2013
ANGERS;49007;M;Dorian;5;2013
ANGERS;49007;M;Loan;4;2013
ANGERS;49007;M;Lino;7;2014
ANGERS;49007;M;Soan;10;2015
ANGERS;49007;M;Benjamin;8;2015
ANGERS;49007;M;David;8;2015
ANGERS;49007;M;Tristan;6;2015
ANGERS;49007;M;Léopold;5;2015
ANGERS;49007;M;Loris;7;2017
ANGERS;49007;M;Elliot;6;2017
ANGERS;49007;M;Corentin;4;2017
ANGERS;49007;M;Evan;12;2018
ANGERS;49007;M;Aurèle;4;2018
ANGERS;49007;F;Hortense;7;2017
ANGERS;49007;F;Justine;4;2017
ANGERS;49007;F;Kayla;4;2017
ANGERS;49007;F;Rose;23;2018
ANGERS;49007;F;Ambre;22;2018
ANGERS;49007;M;Timéo;33;2014
ANGERS;49007;M;Léandre;13;2014
ANGERS;49007;M;Noa;7;2015
ANGERS;49007;M;Nathanaël;6;2015
ANGERS;49007;M;Raphaël;37;2017
ANGERS;49007;M;Liam;24;2017
ANGERS;49007;M;Valentin;21;2017
ANGERS;49007;M;Noah;20;2018
ANGERS;49007;M;Joseph;11;2018
ANGERS;49007;M;Ulysse;11;2018
ANGERS;49007;M;Owen;8;2018
ANGERS;49007;M;Amaury;4;2018
ANGERS;49007;F;Léonie;20;2013
ANGERS;49007;F;Garance;10;2013
ANGERS;49007;F;Amélie;4;2013
ANGERS;49007;F;Zoé;34;2014
ANGERS;49007;F;Sarah;20;2014
ANGERS;49007;F;Noémie;15;2014
ANGERS;49007;F;Constance;13;2014
ANGERS;49007;F;Eden;10;2014
ANGERS;49007;F;Lilia;5;2014
ANGERS;49007;F;Jade;38;2015
ANGERS;49007;F;Inès;29;2015
ANGERS;49007;F;Rose;21;2015
ANGERS;49007;F;Mya;12;2015
ANGERS;49007;F;Célia;8;2015
ANGERS;49007;F;Laly;8;2015
ANGERS;49007;F;Jade;37;2016
ANGERS;49007;F;Camille;28;2016
ANGERS;49007;F;Romane;20;2016
ANGERS;49007;F;Emy;15;2017
ANGERS;49007;F;Olivia;10;2017
ANGERS;49007;F;Khadidja;4;2017
ANGERS;49007;F;Zoé;20;2018
ANGERS;49007;F;Clémence;19;2018
ANGERS;49007;F;Eléna;10;2018
ANGERS;49007;F;Sarah;8;2018
ANGERS;49007;F;Victoire;8;2018
ANGERS;49007;M;Thomas;15;2013
ANGERS;49007;M;Morgan;4;2013
ANGERS;49007;M;Thyméo;4;2013
ANGERS;49007;M;Léo;47;2014
ANGERS;49007;M;Axel;29;2015
ANGERS;49007;M;Tao;4;2015
ANGERS;49007;M;Paul;38;2016
ANGERS;49007;M;Augustin;21;2017
ANGERS;49007;M;Tiago;17;2017
ANGERS;49007;M;Roméo;5;2017
ANGERS;49007;M;Marcel;4;2017
ANGERS;49007;M;Maël;27;2018
ANGERS;49007;M;Victor;17;2018
ANGERS;49007;M;Matéo;4;2018
ANGERS;49007;M;Henri;4;2016
ANGERS;49007;M;Joris;4;2016
ANGERS;49007;F;Ambre;29;2013
ANGERS;49007;F;Laura;9;2013
ANGERS;49007;F;Alix;7;2013
ANGERS;49007;F;Sara;6;2013
ANGERS;49007;F;Blanche;4;2013
ANGERS;49007;F;Mila;15;2014
ANGERS;49007;F;Nina;11;2014
ANGERS;49007;F;Apolline;7;2014
ANGERS;49007;F;Angèle;5;2014
ANGERS;49007;F;Garance;5;2014
ANGERS;49007;F;Maïa;5;2014
ANGERS;49007;F;Louison;4;2014
ANGERS;49007;F;Solène;4;2014
ANGERS;49007;F;Zoé;24;2015
ANGERS;49007;F;Lilou;21;2015
ANGERS;49007;F;Louisa;15;2015
ANGERS;49007;F;Lison;10;2015
ANGERS;49007;F;Elsa;9;2015
ANGERS;49007;F;Inaya;9;2015
ANGERS;49007;F;Olivia;9;2015
ANGERS;49007;F;Aya;8;2015
ANGERS;49007;F;Diane;6;2015
ANGERS;49007;F;Lylou;6;2015
ANGERS;49007;F;Emma;35;2016
ANGERS;49007;F;Elya;6;2017
ANGERS;49007;F;Naëlle;6;2017
ANGERS;49007;F;Mia;14;2018
ANGERS;49007;F;Coline;6;2018
ANGERS;49007;F;Asma;5;2018
ANGERS;49007;F;Emilie;5;2018
ANGERS;49007;F;Aminata;4;2018
ANGERS;49007;F;Elyna;4;2018
ANGERS;49007;F;Lucile;4;2018
ANGERS;49007;M;Basile;11;2013
ANGERS;49007;M;Malo;9;2013
ANGERS;49007;M;Milan;7;2013
ANGERS;49007;M;Mahé;8;2015
ANGERS;49007;M;Naël;12;2016
ANGERS;49007;M;Lenny;8;2016
ANGERS;49007;F;Anaïs;13;2016
ANGERS;49007;F;Sofia;10;2016
ANGERS;49007;F;Lya;7;2016
ANGERS;49007;F;Léane;6;2016
ANGERS;49007;F;Julia;24;2017
ANGERS;49007;M;Soan;11;2014
ANGERS;49007;M;Bastien;10;2014
ANGERS;49007;M;Augustin;9;2014
ANGERS;49007;M;Yanis;8;2014
ANGERS;49007;M;Benjamin;6;2014
ANGERS;49007;M;Mylan;5;2015
ANGERS;49007;M;Marcel;4;2014
ANGERS;49007;M;Erwan;6;2013
ANGERS;49007;M;Diego;5;2013
ANGERS;49007;M;Eliot;5;2013
ANGERS;49007;M;Isaac;5;2013
ANGERS;49007;M;Marcel;5;2013
ANGERS;49007;M;Logan;4;2013
ANGERS;49007;M;Lucien;4;2013
ANGERS;49007;M;Armand;7;2016
ANGERS;49007;M;Roméo;6;2016
ANGERS;49007;M;Samuel;6;2016
ANGERS;49007;M;Pierre;6;2017
ANGERS;49007;M;Ernest;5;2017
ANGERS;49007;M;Léandre;13;2018
ANGERS;49007;M;Mathéo;11;2018
ANGERS;49007;M;Mohamed;7;2018
ANGERS;49007;M;Idriss;6;2018
ANGERS;49007;F;Lison;9;2016
ANGERS;49007;F;Lila;7;2016
ANGERS;49007;F;Eloïse;5;2016
ANGERS;49007;F;Lily;5;2016
ANGERS;49007;F;Coline;4;2016
ANGERS;49007;F;Jeanne;30;2017
ANGERS;49007;F;Faustine;14;2017
ANGERS;49007;F;Lina;12;2017
ANGERS;49007;F;Louisa;11;2017
ANGERS;49007;F;Louane;9;2017
ANGERS;49007;F;Norah;9;2017
ANGERS;49007;F;Alicia;5;2017
ANGERS;49007;F;Héloïse;5;2017
ANGERS;49007;F;Malak;4;2017
ANGERS;49007;F;Yuna;4;2017
ANGERS;49007;F;Elyana;4;2018
ANGERS;49007;F;Evie;4;2018
ANGERS;49007;F;Giulia;4;2018
ANGERS;49007;F;Lily;4;2018
ANGERS;49007;M;Ethan;32;2013
ANGERS;49007;M;Alexandre;13;2013
ANGERS;49007;M;Nino;10;2013
ANGERS;49007;M;Hugo;45;2014
ANGERS;49007;M;Gabriel;41;2014
ANGERS;49007;M;Sacha;32;2014
ANGERS;49007;M;Simon;17;2014
ANGERS;49007;M;Marin;9;2014
ANGERS;49007;M;Sohan;8;2014
ANGERS;49007;M;Paulin;5;2014
ANGERS;49007;M;Simon;20;2015
ANGERS;49007;M;Thibault;7;2015
ANGERS;49007;M;Marius;45;2016
ANGERS;49007;M;Liam;20;2016
ANGERS;49007;M;Nino;12;2016
ANGERS;49007;F;Lou;16;2013
ANGERS;49007;F;Lily;9;2013
ANGERS;49007;F;Lila;7;2013
ANGERS;49007;F;Océane;7;2013
ANGERS;49007;F;Charline;6;2013
ANGERS;49007;F;Cléa;6;2013
ANGERS;49007;F;Faustine;6;2013
ANGERS;49007;F;Olivia;5;2013
ANGERS;49007;F;Andréa;4;2013
ANGERS;49007;F;Thaïs;18;2014
ANGERS;49007;F;Lucie;13;2014
ANGERS;49007;F;Lana;12;2014
ANGERS;49007;F;Justine;9;2014
ANGERS;49007;F;Lya;9;2014
ANGERS;49007;F;Albane;6;2014
ANGERS;49007;F;Méline;5;2014
ANGERS;49007;F;Aliya;4;2014
ANGERS;49007;F;Lyana;4;2014
ANGERS;49007;F;Agathe;21;2015
ANGERS;49007;F;Clémentine;6;2015
ANGERS;49007;F;Alicia;4;2015
ANGERS;49007;F;Eléonore;4;2015
ANGERS;49007;F;Inès;25;2016
ANGERS;49007;M;Côme;6;2016
ANGERS;49007;M;Abel;5;2016
ANGERS;49007;M;Aubin;5;2016
ANGERS;49007;M;Daniel;4;2016
ANGERS;49007;M;Loïs;9;2017
ANGERS;49007;M;Elie;5;2018
ANGERS;49007;M;Elias;4;2013
ANGERS;49007;M;Nathan;30;2014
ANGERS;49007;M;Maxime;20;2014
ANGERS;49007;M;Owen;7;2014
ANGERS;49007;M;Léopold;4;2014
ANGERS;49007;M;William;4;2014
ANGERS;49007;M;Titouan;16;2015
ANGERS;49007;M;Lyam;10;2015
ANGERS;49007;M;Lubin;5;2015
ANGERS;49007;M;Loïs;5;2016
ANGERS;49007;M;Jules;25;2017
ANGERS;49007;M;Clément;16;2017
ANGERS;49007;M;Louison;15;2017
ANGERS;49007;M;Naël;15;2017
ANGERS;49007;M;Alexandre;8;2017
ANGERS;49007;M;Gabriel;41;2018
ANGERS;49007;M;Marius;22;2018
ANGERS;49007;M;Timéo;19;2018
ANGERS;49007;M;Maxence;12;2018
ANGERS;49007;M;Eloi;6;2018
ANGERS;49007;M;Mahé;6;2018
ANGERS;49007;M;Alix;5;2018
ANGERS;49007;M;Zack;4;2018
ANGERS;49007;F;Gabrielle;9;2013
ANGERS;49007;F;Léane;8;2013
ANGERS;49007;F;Louison;7;2013
ANGERS;49007;F;Salomé;6;2013
ANGERS;49007;F;Malak;4;2013
ANGERS;49007;F;Emma;25;2014
ANGERS;49007;F;Clémence;18;2014
ANGERS;49007;F;Maëline;9;2014
ANGERS;49007;F;Elisa;6;2014
ANGERS;49007;F;Coline;5;2014
ANGERS;49007;F;Ninon;5;2014
ANGERS;49007;F;Anaëlle;4;2014
ANGERS;49007;F;Soline;22;2015
ANGERS;49007;F;Maëlys;11;2015
ANGERS;49007;F;Rosalie;8;2015
ANGERS;49007;F;Héloïse;7;2015
ANGERS;49007;F;Lyana;5;2015
ANGERS;49007;F;Faustine;16;2016
ANGERS;49007;F;Charlie;7;2016
ANGERS;49007;F;Léana;5;2016
ANGERS;49007;F;Victoire;5;2016
ANGERS;49007;F;Charline;4;2016
ANGERS;49007;F;Cléa;4;2016
ANGERS;49007;F;Anaïs;12;2017
ANGERS;49007;F;Maria;4;2017
ANGERS;49007;F;Margot;23;2018
ANGERS;49007;F;Soline;14;2018
ANGERS;49007;F;Noémie;12;2018
ANGERS;49007;F;Assia;6;2018
ANGERS;49007;M;Lucas;54;2013
ANGERS;49007;M;Arthur;47;2013
ANGERS;49007;M;Aaron;11;2013
ANGERS;49007;M;Antonin;8;2013
ANGERS;49007;M;Naïm;8;2013
ANGERS;49007;M;Roméo;8;2013
ANGERS;49007;M;Emilien;7;2013
ANGERS;49007;M;Amir;5;2013
ANGERS;49007;M;Eliot;5;2014
ANGERS;49007;M;Romain;5;2014
ANGERS;49007;M;Arthur;32;2015
ANGERS;49007;M;Clément;27;2015
ANGERS;49007;M;Anatole;9;2014
ANGERS;49007;M;Théo;25;2015
ANGERS;49007;M;Ewen;9;2015
ANGERS;49007;M;Valentin;25;2016
ANGERS;49007;M;Tristan;6;2016
ANGERS;49007;M;David;5;2016
ANGERS;49007;M;Marceau;17;2017
ANGERS;49007;M;Antonin;11;2018
ANGERS;49007;F;Clara;14;2016
ANGERS;49007;F;Thaïs;8;2016
ANGERS;49007;F;Camille;28;2013
ANGERS;49007;F;Anaïs;9;2013
ANGERS;49007;F;Emy;9;2013
ANGERS;49007;F;Léana;8;2013
ANGERS;49007;F;Livia;4;2013
ANGERS;49007;F;Anna;26;2014
ANGERS;49007;F;Charlotte;19;2014
ANGERS;49007;F;Louna;17;2014
ANGERS;49007;F;Faustine;9;2014
ANGERS;49007;F;Maëlle;8;2014
ANGERS;49007;F;Ilyana;7;2014
ANGERS;49007;F;Daphné;5;2014
ANGERS;49007;F;Maya;5;2014
ANGERS;49007;F;Léna;20;2015
ANGERS;49007;F;Elise;7;2015
ANGERS;49007;F;Elena;6;2015
ANGERS;49007;F;Eline;5;2015
ANGERS;49007;F;Fanny;5;2015
ANGERS;49007;F;Mathilde;5;2015
ANGERS;49007;F;Adélaïde;4;2015
ANGERS;49007;F;Enola;4;2015
ANGERS;49007;F;Léna;24;2016
ANGERS;49007;F;Olivia;10;2016
ANGERS;49007;F;Eva;8;2016
ANGERS;49007;F;Calie;7;2016
ANGERS;49007;F;Apolline;6;2016
ANGERS;49007;F;Mélyne;5;2016
ANGERS;49007;F;Romy;5;2016
ANGERS;49007;F;Léna;23;2018
ANGERS;49007;F;Léonie;16;2018
ANGERS;49007;M;Théo;41;2013
ANGERS;49007;M;Victor;24;2013
ANGERS;49007;M;Evan;19;2013
ANGERS;49007;M;Louison;11;2013
ANGERS;49007;M;Tristan;9;2013
ANGERS;49007;M;Sohan;8;2013
ANGERS;49007;M;Martin;22;2014
ANGERS;49007;M;Ruben;9;2014
ANGERS;49007;M;Kenzo;8;2014
ANGERS;49007;M;Basile;7;2014
ANGERS;49007;M;Logan;6;2014
ANGERS;49007;M;Tylio;5;2014
ANGERS;49007;M;Angelo;4;2014
ANGERS;49007;M;Louis;48;2015
ANGERS;49007;M;Lucas;37;2015
ANGERS;49007;M;Gabin;36;2015
ANGERS;49007;M;Youssef;8;2015
ANGERS;49007;M;Lenny;7;2015
ANGERS;49007;M;Imran;6;2016
ANGERS;49007;M;Justin;6;2016
ANGERS;49007;M;Lenzo;6;2016
ANGERS;49007;M;Elias;5;2016
ANGERS;49007;M;Emile;5;2016
ANGERS;49007;M;Benjamin;4;2016
ANGERS;49007;F;Elisa;4;2018
ANGERS;49007;F;Joyce;4;2018
ANGERS;49007;F;Rosalie;4;2018
ANGERS;49007;M;Armand;6;2014
ANGERS;49007;M;Esteban;5;2014
ANGERS;49007;M;Louison;5;2014
ANGERS;49007;M;Achille;4;2014
ANGERS;49007;M;Nicolas;4;2014
ANGERS;49007;M;Louis;42;2016
ANGERS;49007;M;Mohamed;8;2016
ANGERS;49007;M;Mathys;7;2016
ANGERS;49007;M;Gabin;33;2017
ANGERS;49007;M;Noé;20;2017
ANGERS;49007;M;Martin;14;2017
ANGERS;49007;M;Camille;13;2017
ANGERS;49007;M;Thomas;11;2017
ANGERS;49007;M;Bastien;10;2017
ANGERS;49007;M;Milo;9;2017
ANGERS;49007;M;Alexis;7;2017
ANGERS;49007;M;Nathanaël;6;2017
ANGERS;49007;M;Thiago;5;2017
ANGERS;49007;M;Antoine;11;2018
ANGERS;49007;M;Lucien;9;2018
ANGERS;49007;M;Mathias;6;2018
ANGERS;49007;M;Lenny;5;2018
ANGERS;49007;F;Capucine;13;2017
ANGERS;49007;F;Eléna;8;2017
ANGERS;49007;F;Thelma;5;2017
ANGERS;49007;F;Lyana;4;2017
ANGERS;49007;F;Chloé;26;2018
ANGERS;49007;M;Adrien;5;2013
ANGERS;49007;M;Nathanaël;5;2013
ANGERS;49007;M;Cameron;4;2013
ANGERS;49007;M;Ezio;4;2013
ANGERS;49007;M;Melvin;4;2013
ANGERS;49007;M;Elio;6;2015
ANGERS;49007;M;Abel;4;2015
ANGERS;49007;M;Siméon;4;2015
ANGERS;49007;M;Elio;10;2016
ANGERS;49007;M;Jean;9;2016
ANGERS;49007;M;Tao;6;2017
ANGERS;49007;M;Oscar;15;2018
ANGERS;49007;M;Marin;13;2018
ANGERS;49007;M;Marcus;6;2018
ANGERS;49007;M;Max;4;2018
ANGERS;49007;F;Lisa;12;2016
ANGERS;49007;F;Clémentine;4;2016
ANGERS;49007;F;Elina;4;2016
ANGERS;49007;F;Charlotte;15;2017
ANGERS;49007;F;Camille;26;2018
ANGERS;49007;M;Bastien;7;2013
ANGERS;49007;M;Johan;6;2013
ANGERS;49007;M;Marceau;5;2013
ANGERS;49007;M;Loris;6;2014
ANGERS;49007;M;Mathys;6;2014
ANGERS;49007;M;Emile;4;2014
ANGERS;49007;M;Yanis;17;2015
ANGERS;49007;M;Antoine;11;2015
ANGERS;49007;M;Maxence;28;2016
ANGERS;49007;M;Léon;17;2016
ANGERS;49007;M;Louka;8;2016
ANGERS;49007;M;Antonin;10;2017
ANGERS;49007;M;Yanis;10;2017
ANGERS;49007;F;Clara;10;2017
ANGERS;49007;F;Emilie;4;2017
ANGERS;49007;F;Fatima;4;2017
ANGERS;49007;F;Romane;17;2018
ANGERS;49007;F;Luna;10;2018
ANGERS;49007;F;Augustine;8;2018
ANGERS;49007;F;Elsa;6;2018
ANGERS;49007;M;Nolan;35;2013
ANGERS;49007;M;Gabriel;34;2013
ANGERS;49007;M;Liam;25;2013
ANGERS;49007;M;Mathéo;15;2013
ANGERS;49007;M;Justin;5;2013
ANGERS;49007;M;Hamza;4;2013
ANGERS;49007;M;Lino;4;2013
ANGERS;49007;M;Elias;4;2014
ANGERS;49007;M;Nolann;4;2014
ANGERS;49007;M;Swan;4;2014
ANGERS;49007;M;Raphaël;38;2015
ANGERS;49007;M;Mathéo;14;2015
ANGERS;49007;M;Samuel;9;2015
ANGERS;49007;M;Thiago;7;2015
ANGERS;49007;M;Arthur;41;2018
ANGERS;49007;M;Clément;21;2018
ANGERS;49007;M;David;4;2018
ANGERS;49007;M;Félix;4;2018
ANGERS;49007;M;Ismaël;4;2018
ANGERS;49007;M;Nils;4;2018
ANGERS;49007;M;Ryan;4;2018
ANGERS;49007;F;Yuna;6;2016
ANGERS;49007;F;Mya;9;2017
ANGERS;49007;F;Célia;6;2017
ANGERS;49007;F;Lyla;4;2017
ANGERS;49007;F;Mila;19;2018
ANGERS;49007;M;Axel;31;2014
ANGERS;49007;M;Baptiste;19;2014
ANGERS;49007;M;Eliott;17;2014
ANGERS;49007;M;Ruben;7;2015
ANGERS;49007;M;Bastien;6;2015
ANGERS;49007;M;Lubin;8;2016
ANGERS;49007;M;Sohan;5;2016
ANGERS;49007;M;Timéo;23;2017
ANGERS;49007;M;Hugo;32;2018
ANGERS;49007;M;Gabin;25;2018
ANGERS;49007;F;Louise;41;2013
ANGERS;49007;F;Agathe;20;2013
ANGERS;49007;F;Eloïse;7;2013
ANGERS;49007;F;Cloé;6;2013
ANGERS;49007;F;Amandine;5;2013
ANGERS;49007;F;Naomie;4;2013
ANGERS;49007;F;Prune;4;2013
ANGERS;49007;F;Soraya;4;2013
ANGERS;49007;F;Margot;18;2014
ANGERS;49007;F;Agathe;16;2014
ANGERS;49007;F;Elise;9;2014
ANGERS;49007;F;Shanna;4;2014
ANGERS;49007;F;Zohra;4;2014
ANGERS;49007;F;Juliette;35;2015
ANGERS;49007;F;Lola;27;2015
ANGERS;49007;F;Capucine;24;2015
ANGERS;49007;F;Sarah;18;2015
ANGERS;49007;F;Léane;9;2015
ANGERS;49007;F;Lily;9;2015
ANGERS;49007;F;Valentine;8;2015
ANGERS;49007;F;Cassandre;7;2015
ANGERS;49007;F;Ines;5;2015
ANGERS;49007;F;Leyna;4;2015
ANGERS;49007;F;Valentine;13;2017
ANGERS;49007;F;Eva;18;2018
ANGERS;49007;F;Manon;17;2018
ANGERS;49007;F;Gabrielle;13;2018
ANGERS;49007;F;Iris;13;2018
ANGERS;49007;F;Faustine;11;2018
ANGERS;49007;F;Roxane;8;2018
ANGERS;49007;F;Clémentine;7;2018
ANGERS;49007;F;Justine;7;2018
ANGERS;49007;M;Mathieu;4;2013
ANGERS;49007;M;Yoni;4;2013
ANGERS;49007;M;Jules;34;2014
ANGERS;49007;M;Nolan;20;2017
ANGERS;49007;M;Anas;5;2017
ANGERS;49007;M;Arthur;41;2017
ANGERS;49007;M;Sasha;5;2017
ANGERS;49007;M;Mayron;4;2017
ANGERS;49007;M;Younes;4;2017
ANGERS;49007;M;Paul;42;2018
ANGERS;49007;M;Nino;12;2018
ANGERS;49007;M;Thomas;9;2018
ANGERS;49007;M;William;5;2018
ANGERS;49007;M;Amir;5;2016
ANGERS;49007;M;Léopold;5;2016
ANGERS;49007;F;Chloé;40;2013
ANGERS;49007;F;Capucine;25;2013
ANGERS;49007;F;Clara;13;2013
ANGERS;49007;F;Pauline;9;2013
ANGERS;49007;F;Marion;7;2013
ANGERS;49007;F;Mia;6;2013
ANGERS;49007;F;Alyssa;4;2013
ANGERS;49007;F;Louise;47;2014
ANGERS;49007;F;Eloïse;10;2014
ANGERS;49007;F;Salma;6;2014
ANGERS;49007;F;Léana;5;2014
ANGERS;49007;F;Olivia;4;2014
ANGERS;49007;F;Alice;34;2015
ANGERS;49007;F;Clémence;14;2015
ANGERS;49007;F;Ninon;10;2015
ANGERS;49007;F;Anaïs;9;2015
ANGERS;49007;F;Emy;8;2015
ANGERS;49007;F;Lila;8;2015
ANGERS;49007;F;Laura;7;2015
ANGERS;49007;F;Bertille;5;2015
ANGERS;49007;F;Cléa;4;2015
ANGERS;49007;F;Shaïna;4;2015
ANGERS;49007;F;Lilou;8;2017
ANGERS;49007;F;Enora;6;2017
ANGERS;49007;F;Philomène;4;2017
ANGERS;49007;F;Méline;6;2018
ANGERS;49007;F;Aya;4;2018
ANGERS;49007;F;Daphné;4;2018
ANGERS;49007;M;Tom;28;2013
ANGERS;49007;M;Gaspard;14;2013
ANGERS;49007;M;Rayan;11;2013
ANGERS;49007;M;Yann;5;2013
ANGERS;49007;M;Maël;34;2014
ANGERS;49007;M;Alex;4;2015
ANGERS;49007;M;Eliot;4;2015
ANGERS;49007;M;Marin;4;2015
ANGERS;49007;M;Marceau;9;2016
ANGERS;49007;F;Joséphine;8;2016
ANGERS;49007;F;Noémie;6;2016
ANGERS;49007;M;Timothée;8;2014
ANGERS;49007;M;Mael;7;2014
ANGERS;49007;M;Joseph;9;2015
ANGERS;49007;M;Isaac;7;2015
ANGERS;49007;M;Théo;34;2016
ANGERS;49007;M;Ylan;5;2014
ANGERS;49007;M;Luka;7;2013
ANGERS;49007;M;Aubin;4;2013
ANGERS;49007;M;Ibrahim;4;2013
ANGERS;49007;M;Alex;7;2016
ANGERS;49007;M;Lyam;10;2017
ANGERS;49007;M;Tylio;8;2018
ANGERS;49007;M;Charlie;7;2018
ANGERS;49007;F;Candice;11;2016
ANGERS;49007;F;Eléa;7;2016
ANGERS;49007;F;Elia;4;2016
ANGERS;49007;F;Margaux;20;2017
ANGERS;49007;F;Alix;15;2017
ANGERS;49007;F;Lucie;6;2017
ANGERS;49007;F;Coline;4;2017
ANGERS;49007;F;Laura;4;2017
ANGERS;49007;F;Leïla;4;2017
ANGERS;49007;F;Shaïna;4;2017
ANGERS;49007;F;Héloïse;7;2018
ANGERS;49007;F;Maya;6;2018
ANGERS;49007;F;Safiya;4;2018
ANGERS;49007;M;Louka;12;2013
ANGERS;49007;M;Soan;12;2013
ANGERS;49007;M;Marin;11;2013
ANGERS;49007;M;Esteban;8;2013
ANGERS;49007;M;Ewen;17;2014
ANGERS;49007;M;Adam;16;2014
ANGERS;49007;M;Amir;10;2014
ANGERS;49007;M;Alix;6;2014
ANGERS;49007;M;Loucas;4;2014
ANGERS;49007;M;Salim;4;2014
ANGERS;49007;M;Taïs;4;2014
ANGERS;49007;M;Nathan;22;2015
ANGERS;49007;M;Charly;10;2015
ANGERS;49007;M;Côme;8;2015
ANGERS;49007;M;Louka;7;2015
ANGERS;49007;M;Dylan;5;2015
ANGERS;49007;M;Célian;4;2015
ANGERS;49007;M;Mathys;4;2015
ANGERS;49007;M;Baptiste;14;2016
ANGERS;49007;M;Ilan;9;2016
ANGERS;49007;M;Adrien;7;2016
ANGERS;49007;F;Lilou;28;2013
ANGERS;49007;F;Emma;26;2013
ANGERS;49007;F;Jeanne;19;2013
ANGERS;49007;F;Zélie;12;2013
ANGERS;49007;F;Coline;11;2013
ANGERS;49007;F;Lucile;5;2013
ANGERS;49007;F;Enora;19;2014
ANGERS;49007;F;Clémentine;8;2014
ANGERS;49007;F;Mélissa;8;2014
ANGERS;49007;F;Lyna;7;2014
ANGERS;49007;F;Nawel;7;2014
ANGERS;49007;F;Laura;4;2014
ANGERS;49007;F;Yousra;4;2014
ANGERS;49007;F;Julia;20;2015
ANGERS;49007;F;Faustine;10;2015
ANGERS;49007;F;Maëlle;6;2015
ANGERS;49007;F;Leïa;5;2015
ANGERS;49007;F;Kélya;4;2015
ANGERS;49007;F;Jeanne;26;2016
ANGERS;49007;F;Lana;23;2016
ANGERS;49007;M;Gabriel;44;2017
ANGERS;49007;M;Sandro;4;2017
ANGERS;49007;M;Noé;18;2018
ANGERS;49007;M;Simon;17;2018
ANGERS;49007;M;Liam;16;2018
ANGERS;49007;M;Charly;10;2014
ANGERS;49007;M;Rafaël;7;2015
ANGERS;49007;M;Luis;6;2015
ANGERS;49007;M;Kenzo;5;2015
ANGERS;49007;M;Noé;21;2016
ANGERS;49007;M;Sacha;19;2016
ANGERS;49007;M;Paco;4;2017
ANGERS;49007;M;Baptiste;14;2018
ANGERS;49007;M;Nathan;12;2018
ANGERS;49007;M;Gaston;6;2018
ANGERS;49007;M;Noa;6;2018
ANGERS;49007;M;Naël;5;2018
ANGERS;49007;M;Quentin;5;2018
ANGERS;49007;M;Ayoub;4;2018
ANGERS;49007;M;Dorian;4;2018
ANGERS;49007;F;Lya;9;2013
ANGERS;49007;F;Lise;8;2013
ANGERS;49007;F;Maëlle;6;2013
ANGERS;49007;F;Izia;4;2013
ANGERS;49007;F;Lyna;4;2013
ANGERS;49007;F;Juliette;42;2014
ANGERS;49007;F;Mathilde;13;2014
ANGERS;49007;F;Aya;8;2014
ANGERS;49007;F;Suzanne;8;2014
ANGERS;49007;F;Leïla;6;2014
ANGERS;49007;F;Sofia;6;2014
ANGERS;49007;F;Elya;5;2014
ANGERS;49007;F;Jeanne;25;2015
ANGERS;49007;F;Constance;7;2015
ANGERS;49007;F;Eden;5;2015
ANGERS;49007;F;Lisa;5;2015
ANGERS;49007;F;Romy;5;2015
ANGERS;49007;F;Eléa;4;2015
ANGERS;49007;F;Elya;4;2015
ANGERS;49007;F;Victoria;4;2015
ANGERS;49007;F;Yasmine;4;2015
ANGERS;49007;F;Lina;20;2016
ANGERS;49007;F;Myriam;6;2016
ANGERS;49007;F;Louisa;5;2016
ANGERS;49007;F;Enola;4;2016
ANGERS;49007;F;Juliette;32;2017
ANGERS;49007;F;Adèle;18;2017
ANGERS;49007;F;Mia;15;2017
ANGERS;49007;F;Théa;10;2017
ANGERS;49007;F;Charlie;7;2017
ANGERS;49007;F;Amélia;5;2017
ANGERS;49007;F;Assya;4;2017
ANGERS;49007;F;Ilyana;4;2017
ANGERS;49007;F;Agathe;34;2018
ANGERS;49007;F;Théa;13;2018
ANGERS;49007;F;Miya;5;2018
ANGERS;49007;F;Cassandre;4;2018
ANGERS;49007;F;Célestine;4;2018
ANGERS;49007;F;Victoria;4;2018
ANGERS;49007;M;Maël;37;2013
ANGERS;49007;M;Antoine;18;2013
ANGERS;49007;M;Mohamed;13;2013
ANGERS;49007;M;Tyméo;9;2013
ANGERS;49007;M;Mahé;7;2013
ANGERS;49007;M;Edgar;6;2013
ANGERS;49007;M;Jordan;5;2013
ANGERS;49007;M;Anatole;4;2013
ANGERS;49007;M;David;4;2013
ANGERS;49007;M;Lilian;6;2015
ANGERS;49007;M;Sohan;4;2015
ANGERS;49007;M;Noah;20;2016
ANGERS;49007;M;Pierre;5;2014
ANGERS;49007;M;Antonin;12;2015
ANGERS;49007;M;Milo;9;2015
ANGERS;49007;M;Aubin;6;2015
ANGERS;49007;M;Gabin;35;2016
ANGERS;49007;M;Simon;14;2016
ANGERS;49007;M;Charles;5;2016
ANGERS;49007;M;Marcel;5;2016
ANGERS;49007;M;Esteban;6;2017
ANGERS;49007;M;Ahmed;5;2017
ANGERS;49007;M;Elyas;4;2017
ANGERS;49007;M;Alexandre;11;2018
ANGERS;49007;M;Yanis;9;2018
ANGERS;49007;M;Bastien;8;2018
ANGERS;49007;F;Mia;11;2016
ANGERS;49007;F;Suzanne;6;2016
ANGERS;49007;F;Constance;5;2016
ANGERS;49007;F;Clémence;25;2013
ANGERS;49007;F;Clémentine;6;2013
ANGERS;49007;F;Shana;5;2013
ANGERS;49007;F;Ilana;4;2013
ANGERS;49007;F;Manon;38;2014
ANGERS;49007;F;Romane;21;2014
ANGERS;49007;F;Elsa;7;2014
ANGERS;49007;F;Sophia;4;2014
ANGERS;49007;F;Camille;44;2015
ANGERS;49007;F;Lucie;11;2015
ANGERS;49007;F;Elina;4;2015
ANGERS;49007;F;Yasmina;4;2015
ANGERS;49007;F;Anna;27;2016
ANGERS;49007;F;Margot;18;2016
ANGERS;49007;F;Elsa;16;2016
ANGERS;49007;F;Théa;13;2016
ANGERS;49007;F;Laura;12;2016
ANGERS;49007;F;Axelle;9;2016
ANGERS;49007;F;Anouk;5;2016
ANGERS;49007;F;Sara;4;2016
ANGERS;49007;F;Lilou;11;2018
ANGERS;49007;F;Lucie;10;2018
ANGERS;49007;F;Elise;8;2018
ANGERS;49007;F;Maëlle;7;2018
ANGERS;49007;F;Joséphine;6;2018
ANGERS;49007;M;Timéo;45;2013
ANGERS;49007;M;Clément;33;2013
ANGERS;49007;M;Pierre;7;2013
ANGERS;49007;M;Thibault;7;2013
ANGERS;49007;M;Paul;34;2014
ANGERS;49007;M;Liam;15;2014
ANGERS;49007;M;Louka;14;2014
ANGERS;49007;M;Isaac;7;2014
ANGERS;49007;M;Ibrahim;5;2014
ANGERS;49007;M;Paul;36;2015
ANGERS;49007;M;Kaïs;7;2016
ANGERS;49007;M;Ismaël;5;2016
ANGERS;49007;F;Bertille;5;2017
ANGERS;49007;F;Salomé;5;2017
ANGERS;49007;F;Alma;4;2018
ANGERS;49007;F;Emy;4;2018
ANGERS;49007;M;Tyméo;7;2014
ANGERS;49007;M;Dylan;4;2014
ANGERS;49007;M;Tom;29;2016
ANGERS;49007;M;Noham;9;2016
ANGERS;49007;M;Louison;7;2016
ANGERS;49007;M;Paul;36;2017
ANGERS;49007;M;Nathan;30;2017
ANGERS;49007;M;Mathis;23;2017
ANGERS;49007;M;Thibault;4;2017
ANGERS;49007;F;Clémence;15;2016
ANGERS;49007;F;Elise;13;2016
ANGERS;49007;F;Maïssa;8;2017
ANGERS;49007;F;Amina;4;2017
ANGERS;49007;F;Kenza;6;2018
ANGERS;49007;M;Jonas;5;2013
ANGERS;49007;M;Ylan;5;2013
ANGERS;49007;M;Sacha;29;2015
ANGERS;49007;M;Valentin;18;2015
ANGERS;49007;M;Baptiste;17;2015
ANGERS;49007;M;Maé;4;2015
ANGERS;49007;M;Matthieu;4;2015
ANGERS;49007;M;Rayan;11;2016
ANGERS;49007;M;Tiago;12;2018
ANGERS;49007;M;Alexis;8;2018
ANGERS;49007;M;Ilyes;5;2018
ANGERS;49007;M;Paulin;4;2018
ANGERS;49007;F;Louane;11;2016
ANGERS;49007;F;Alix;9;2016
ANGERS;49007;F;Lily-Rose;6;2016
ANGERS;49007;F;Angèle;5;2016
ANGERS;49007;F;Pauline;5;2016
ANGERS;49007;F;Zélie;13;2017
ANGERS;49007;F;Jade;42;2018
ANGERS;49007;M;Romain;8;2015
ANGERS;49007;M;Mayeul;4;2015
ANGERS;49007;M;Noham;4;2015
ANGERS;49007;M;Gabriel;44;2016
ANGERS;49007;M;Antoine;22;2016
ANGERS;49007;M;Mathéo;16;2016
ANGERS;49007;M;Lino;11;2016
ANGERS;49007;M;Armel;4;2017
ANGERS;49007;F;Eden;4;2017
ANGERS;49007;F;Clara;10;2018
ANGERS;49007;F;Eloïse;9;2018
ANGERS;49007;F;Anaïs;5;2018
ANGERS;49007;F;Tina;4;2018
ANGERS;49007;M;Adam;27;2013
ANGERS;49007;M;Martin;24;2013
ANGERS;49007;M;Simon;24;2013
ANGERS;49007;M;Ilyes;8;2013
ANGERS;49007;M;Kenzo;8;2013
ANGERS;49007;M;Kaïs;6;2013
ANGERS;49007;M;Ruben;5;2013
ANGERS;49007;M;Timothé;5;2013
ANGERS;49007;M;Noam;4;2013
ANGERS;49007;M;Killian;4;2014
ANGERS;49007;M;Ethan;32;2015
ANGERS;49007;M;Malo;22;2015
ANGERS;49007;M;Enzo;12;2017
ANGERS;49007;M;David;4;2017
ANGERS;49007;M;Ilan;4;2017
ANGERS;49007;M;Ruben;4;2017
ANGERS;49007;M;Augustin;25;2018
ANGERS;49007;M;Robin;17;2018
ANGERS;49007;M;Esteban;10;2018
ANGERS;49007;F;Célestine;4;2016
ANGERS;49007;F;Maïwenn;4;2016
ANGERS;49007;F;Naomie;4;2016
ANGERS;49007;F;Iris;8;2017
ANGERS;49007;F;Garance;7;2017
ANGERS;49007;F;Lila;7;2017
ANGERS;49007;F;Suzanne;5;2017
ANGERS;49007;F;Noémie;4;2017
ANGERS;49007;M;Justin;6;2015
ANGERS;49007;M;Marcus;4;2016
ANGERS;49007;M;Quentin;4;2016
ANGERS;49007;M;Maël;50;2017
ANGERS;49007;M;Lucas;38;2017
ANGERS;49007;M;Gaspard;23;2018
ANGERS;49007;M;Edouard;5;2018
ANGERS;49007;F;Léa;33;2013
ANGERS;49007;F;Margot;20;2013
ANGERS;49007;F;Charlotte;8;2013
ANGERS;49007;F;Lilwenn;7;2013
ANGERS;49007;F;Mélina;7;2013
ANGERS;49007;F;Sasha;6;2013
ANGERS;49007;F;Flavie;5;2013
ANGERS;49007;F;Mélissa;5;2013
ANGERS;49007;F;Erine;4;2013
ANGERS;49007;F;Joséphine;4;2013
ANGERS;49007;F;Lena;4;2013
ANGERS;49007;F;Maëlys;12;2014
ANGERS;49007;F;Océane;12;2014
ANGERS;49007;F;Luna;8;2014
ANGERS;49007;F;Céleste;5;2014
ANGERS;49007;F;Naïs;4;2014
ANGERS;49007;F;Emma;31;2015
ANGERS;49007;F;Mélina;8;2015
ANGERS;49007;F;Louane;7;2015
ANGERS;49007;F;Noémie;7;2015
ANGERS;49007;F;Livia;6;2015
ANGERS;49007;F;Isaure;5;2015
ANGERS;49007;F;Alya;4;2015
ANGERS;49007;F;Charlie;4;2015
ANGERS;49007;F;Lily;11;2017
ANGERS;49007;F;Luna;9;2017
ANGERS;49007;F;Evy;4;2017
ANGERS;49007;F;Juliette;36;2018
ANGERS;49007;F;Léana;10;2018
ANGERS;49007;F;Sofia;9;2018
ANGERS;49007;F;Emmy;7;2018
ANGERS;49007;M;Robin;21;2013
ANGERS;49007;M;Tino;4;2013
ANGERS;49007;M;Maé;4;2014
ANGERS;49007;M;Hugo;38;2015
ANGERS;49007;M;Amaury;6;2016
ANGERS;49007;M;Juliann;5;2016
ANGERS;49007;M;Léonard;6;2017
ANGERS;49007;M;Ulysse;6;2017
ANGERS;49007;M;Sohan;5;2017
ANGERS;49007;M;Tim;5;2017
ANGERS;49007;M;Anatole;5;2016
ANGERS;49007;M;Charly;7;2017
ANGERS;49007;M;Ayden;6;2017
ANGERS;49007;M;Lilian;4;2017
ANGERS;49007;M;Melvyn;4;2017
ANGERS;49007;M;Marceau;20;2018
ANGERS;49007;M;Ayden;9;2018
ANGERS;49007;M;Elio;8;2018
ANGERS;49007;M;Léonard;7;2018
ANGERS;49007;M;Ayman;4;2018
ANGERS;49007;M;Célian;4;2018
ANGERS;49007;M;Karl;4;2018
ANGERS;49007;M;Youssef;5;2016
ANGERS;49007;F;Zoé;29;2013
ANGERS;49007;F;Léna;20;2013
ANGERS;49007;F;Roxane;6;2013
ANGERS;49007;F;Alizée;4;2013
ANGERS;49007;F;Iris;4;2013
ANGERS;49007;F;Léa;37;2014
ANGERS;49007;F;Camille;31;2014
ANGERS;49007;F;Leyna;4;2014
ANGERS;49007;F;Manon;28;2015
ANGERS;49007;F;Léonie;22;2015
ANGERS;49007;F;Eva;11;2015
ANGERS;49007;F;Albane;7;2015
ANGERS;49007;F;Sofia;4;2015
ANGERS;49007;F;Manon;34;2016
ANGERS;49007;F;Aria;5;2017
ANGERS;49007;F;Nour;5;2017
ANGERS;49007;F;Sophia;5;2017
ANGERS;49007;F;Apolline;8;2018
ANGERS;49007;F;Célia;5;2018
ANGERS;49007;F;Hortense;5;2018
ANGERS;49007;F;Maëlys;5;2018
ANGERS;49007;F;Léonore;4;2018
ANGERS;49007;M;Maxime;21;2013
ANGERS;49007;M;Camille;10;2013
ANGERS;49007;M;Lenny;10;2013
ANGERS;49007;M;Achille;9;2013
ANGERS;49007;M;Armand;4;2013
ANGERS;49007;M;Lenny;16;2014
ANGERS;49007;F;Lucie;12;2016
ANGERS;49007;F;Albane;6;2016
ANGERS;49007;F;Eva;14;2017
ANGERS;49007;F;Lison;13;2017
ANGERS;49007;M;Loan;8;2014
ANGERS;49007;M;Kylian;6;2014
ANGERS;49007;M;Tristan;6;2014
ANGERS;49007;M;Emilien;5;2014
ANGERS;49007;M;Amaury;7;2015
ANGERS;49007;M;Kaïs;7;2015
ANGERS;49007;M;Mattéo;6;2015
ANGERS;49007;M;Amine;4;2014
ANGERS;49007;M;Jules;64;2015
ANGERS;49007;M;Noah;23;2015
ANGERS;49007;M;Augustin;18;2015
ANGERS;49007;M;Eliott;18;2015
ANGERS;49007;F;Salomé;15;2016
ANGERS;49007;M;Ilan;5;2013
ANGERS;49007;M;Mael;5;2013
ANGERS;49007;M;Charles;4;2013
ANGERS;49007;M;Siméon;7;2016
ANGERS;49007;M;Victor;18;2017
ANGERS;49007;M;Théo;17;2017
ANGERS;49007;M;Amir;10;2017
ANGERS;49007;M;Kaïs;6;2017
ANGERS;49007;M;Charlie;4;2017
ANGERS;49007;M;Kenzo;9;2018
ANGERS;49007;F;Océane;7;2016
ANGERS;49007;F;Ellie;6;2016
ANGERS;49007;F;Mathilde;5;2016
ANGERS;49007;F;Cali;4;2016
ANGERS;49007;F;Emmy;4;2016
ANGERS;49007;F;Héloïse;4;2016
ANGERS;49007;F;Lou;26;2017
ANGERS;49007;F;Anna;21;2017
ANGERS;49007;F;Célestine;13;2017
ANGERS;49007;F;Lisa;7;2017
ANGERS;49007;F;Méline;6;2017
ANGERS;49007;F;Thaïs;5;2017
ANGERS;49007;F;Anaé;4;2017
ANGERS;49007;F;Jeanne;34;2018
ANGERS;49007;F;Albane;13;2018
ANGERS;49007;F;Constance;10;2018
ANGERS;49007;F;Garance;9;2018
ANGERS;49007;F;Izia;4;2018
ANGERS;49007;F;Lilia;4;2018
ANGERS;49007;F;Yuna;4;2018
ANGERS;49007;M;Alexis;17;2013
ANGERS;49007;M;Jean;7;2013
ANGERS;49007;M;Victor;22;2014
ANGERS;49007;M;Nino;13;2014
ANGERS;49007;M;Quentin;10;2014
ANGERS;49007;M;Aubin;8;2014
ANGERS;49007;M;Dorian;5;2014
ANGERS;49007;M;Julien;5;2014
ANGERS;49007;M;Lyam;5;2014
ANGERS;49007;M;Bilal;4;2014
ANGERS;49007;M;Maxence;26;2015
ANGERS;49007;M;Basile;10;2015
ANGERS;49007;M;Amine;6;2015
ANGERS;49007;M;Owen;6;2015
ANGERS;49007;M;Alix;5;2015
ANGERS;49007;M;Edgar;5;2015
ANGERS;49007;M;Wassim;5;2015
ANGERS;49007;M;Albin;4;2015
ANGERS;49007;M;Luka;4;2015
ANGERS;49007;M;Nassim;4;2015
ANGERS;49007;M;Thyméo;4;2015
ANGERS;49007;M;Maël;40;2016
ANGERS;49007;M;Nathan;24;2016
ANGERS;49007;M;Marin;18;2016
ANGERS;49007;M;Ewen;9;2016
ANGERS;49007;F;Juliette;21;2013
ANGERS;49007;F;Elisa;10;2013
ANGERS;49007;F;Sofia;10;2013
ANGERS;49007;F;Alicia;9;2013
ANGERS;49007;F;Violette;4;2013
ANGERS;49007;F;Léonie;18;2014
ANGERS;49007;F;Héloïse;13;2014
ANGERS;49007;F;Alix;10;2014
ANGERS;49007;F;Lily;8;2014
ANGERS;49007;F;Pauline;8;2014
ANGERS;49007;F;Elia;5;2014
ANGERS;49007;F;Leïla;5;2015
ANGERS;49007;F;Candice;4;2015
ANGERS;49007;F;Maïwenn;4;2015
ANGERS;49007;F;Shayna;4;2015
ANGERS;49007;F;Louise;43;2016
ANGERS;49007;F;Léonie;16;2016
ANGERS;49007;M;Eden;20;2017
ANGERS;49007;M;Elie;9;2017
ANGERS;49007;M;Lenny;8;2017
ANGERS;49007;M;Samuel;8;2017
ANGERS;49007;M;Malone;5;2017
ANGERS;49007;M;Lysandre;4;2017
ANGERS;49007;M;Andrea;5;2018
ANGERS;49007;M;Ezio;4;2018
ANGERS;49007;M;Théo;33;2014
ANGERS;49007;M;Oscar;12;2014
ANGERS;49007;M;Pablo;5;2014
ANGERS;49007;M;Lilian;7;2016
ANGERS;49007;M;Mattéo;7;2016
ANGERS;49007;M;Elliott;4;2016
ANGERS;49007;M;Nassim;4;2016
ANGERS;49007;M;Tylio;6;2017
ANGERS;49007;M;Raphaël;37;2018
ANGERS;49007;M;Soan;10;2018
ANGERS;49007;M;Rayan;6;2018
ANGERS;49007;M;Camille;5;2018
ANGERS;49007;M;Alan;4;2018
ANGERS;49007;M;Yassine;4;2018
ANGERS;49007;F;Louna;23;2013
ANGERS;49007;F;Lucie;18;2013
ANGERS;49007;F;Louane;17;2013
ANGERS;49007;F;Lalie;7;2013
ANGERS;49007;F;Elena;5;2013
ANGERS;49007;F;Héloïse;5;2013
ANGERS;49007;F;Salma;5;2013
ANGERS;49007;F;Lola;31;2014
ANGERS;49007;F;Adèle;23;2014
ANGERS;49007;F;Jeanne;20;2014
ANGERS;49007;F;Célia;13;2014
ANGERS;49007;F;Maïwenn;7;2014
ANGERS;49007;F;Maëva;4;2014
ANGERS;49007;F;Margot;19;2015
ANGERS;49007;F;Nina;9;2015
ANGERS;49007;F;Luna;8;2015
ANGERS;49007;F;Anaé;7;2015
ANGERS;49007;F;Raphaëlle;6;2015
ANGERS;49007;F;Adèle;25;2016
ANGERS;49007;F;Louna;16;2016
ANGERS;49007;F;Justine;7;2016
ANGERS;49007;F;Marie;6;2016
ANGERS;49007;F;Mona;4;2016
ANGERS;49007;F;Yasmine;4;2016
ANGERS;49007;F;Alice;41;2017
ANGERS;49007;F;Elsa;11;2017
ANGERS;49007;F;Albane;9;2017
ANGERS;49007;F;Constance;9;2017
ANGERS;49007;F;Nora;6;2017
ANGERS;49007;F;Diane;4;2017
ANGERS;49007;F;Julie;4;2017
ANGERS;49007;F;Anna;24;2018
ANGERS;49007;F;Inaya;14;2018
ANGERS;49007;F;Lana;10;2018
ANGERS;49007;F;Lya;8;2018
ANGERS;49007;F;Alicia;5;2018
ANGERS;49007;F;Mathilde;4;2018
ANGERS;49007;M;Paul;37;2013
ANGERS;49007;M;Noah;24;2013
ANGERS;49007;M;Augustin;16;2013
ANGERS;49007;M;Lenzo;6;2013
ANGERS;49007;M;Julien;5;2013
ANGERS;49007;M;Swan;5;2013
ANGERS;49007;M;Armel;4;2013
ANGERS;49007;M;Corentin;4;2013
ANGERS;49007;M;Aaron;13;2014
ANGERS;49007;M;Edouard;5;2014
ANGERS;49007;M;Ilyes;5;2014
ANGERS;49007;M;Léonard;4;2014
ANGERS;49007;M;Milan;4;2014
ANGERS;49007;M;Alban;9;2015
ANGERS;49007;M;Elie;11;2016
ANGERS;49007;M;Titouan;10;2016
ANGERS;49007;M;Léon;15;2014
ANGERS;49007;M;Gabriel;46;2015
ANGERS;49007;M;Nolan;27;2015
ANGERS;49007;M;Pierre;7;2015
ANGERS;49007;M;Johan;5;2015
ANGERS;49007;M;Nolan;13;2016
ANGERS;49007;M;Lucien;12;2017
ANGERS;49007;M;Isaac;10;2017
ANGERS;49007;M;Rafaël;9;2017
ANGERS;49007;M;Loan;5;2017
ANGERS;49007;M;Elyo;4;2017
ANGERS;49007;F;Inès;36;2013
ANGERS;49007;F;Sarah;23;2013
ANGERS;49007;F;Mila;14;2013
ANGERS;49007;F;Nora;8;2013
ANGERS;49007;F;Anaëlle;6;2013
ANGERS;49007;F;Eléa;5;2013
ANGERS;49007;F;Maïwen;5;2013
ANGERS;49007;F;Alice;30;2014
ANGERS;49007;F;Lina;23;2014
ANGERS;49007;F;Nora;10;2014
ANGERS;49007;F;Valentine;9;2014
ANGERS;49007;F;Anaé;7;2014
ANGERS;49007;F;Romy;7;2014
ANGERS;49007;F;Yasmine;6;2014
ANGERS;49007;F;Lana;14;2015
ANGERS;49007;F;Thaïs;10;2015
ANGERS;49007;F;Justine;9;2015
ANGERS;49007;F;Anouck;5;2015
ANGERS;49007;F;Joséphine;5;2015
ANGERS;49007;F;Hortense;4;2015
ANGERS;49007;F;Maëlle;5;2016
ANGERS;49007;F;Bertille;4;2016
ANGERS;49007;F;Louise;42;2017
ANGERS;49007;M;Nathan;34;2013
ANGERS;49007;M;Ewen;14;2013
ANGERS;49007;M;Titouan;13;2013
ANGERS;49007;M;Evan;14;2014
ANGERS;49007;M;Noa;14;2014
ANGERS;49007;M;Alban;8;2014
ANGERS;49007;M;Milo;8;2014
ANGERS;49007;M;Ayoub;5;2014
ANGERS;49007;M;Ibrahim;7;2015
ANGERS;49007;M;Ernest;4;2016
ANGERS;49007;M;Nahel;4;2016
ANGERS;49007;F;Ellie;6;2017
ANGERS;49007;F;Aliya;5;2017
ANGERS;49007;F;Fatou;5;2017
ANGERS;49007;F;Marie;5;2017
ANGERS;49007;F;Ninon;5;2017
ANGERS;49007;F;Bérénice;4;2018
ANGERS;49007;M;Sasha;11;2013
ANGERS;49007;M;Justin;7;2014
ANGERS;49007;M;Jonas;6;2014
ANGERS;49007;M;Lucas;44;2016
ANGERS;49007;M;Léo;33;2016
ANGERS;49007;M;Oscar;14;2016
ANGERS;49007;M;Swan;8;2016
ANGERS;49007;M;Nolann;4;2016
ANGERS;49007;M;Tom;26;2017
ANGERS;49007;M;Nino;14;2017
ANGERS;49007;M;Noam;13;2017
ANGERS;49007;M;Oscar;10;2017
ANGERS;49007;M;Benjamin;8;2017
ANGERS;49007;M;Eliot;8;2017
ANGERS;49007;M;Mattéo;7;2017
ANGERS;49007;M;Pablo;5;2017
ANGERS;49007;M;Timothé;5;2017
ANGERS;49007;M;Wassim;4;2017
ANGERS;49007;M;Louis;31;2018
ANGERS;49007;M;Naïm;6;2018
ANGERS;49007;F;Ambre;15;2016
ANGERS;49007;F;Chloé;30;2017
ANGERS;49007;F;Zoé;18;2017
ANGERS;49007;F;Eloïse;11;2017
ANGERS;49007;F;Alya;5;2018
ANGERS;49007;F;Mélina;5;2018
ANGERS;49007;M;Maé;5;2013
ANGERS;49007;M;Salim;5;2013
ANGERS;49007;M;Tim;4;2013
ANGERS;49007;M;Warren;4;2013
ANGERS;49007;M;Tom;23;2014
ANGERS;49007;M;Milan;7;2015
ANGERS;49007;M;Anatole;5;2015
ANGERS;49007;M;Léonard;5;2015
ANGERS;49007;M;Elias;4;2015
ANGERS;49007;M;Kylian;4;2015
ANGERS;49007;M;Lubin;4;2017
ANGERS;49007;M;Marcus;4;2017
ANGERS;49007;M;Jules;30;2018
ANGERS;49007;M;Sacha;30;2018
ANGERS;49007;M;Malo;27;2018
ANGERS;49007;M;Kaïs;7;2018
ANGERS;49007;M;Emilien;6;2018
ANGERS;49007;M;Ruben;6;2018
ANGERS;49007;M;Lubin;5;2018
ANGERS;49007;F;Zélie;15;2016
ANGERS;49007;F;Garance;9;2016
ANGERS;49007;F;Lylou;6;2016
ANGERS;49007;F;Maëlia;5;2016
ANGERS;49007;F;Elyna;4;2016
ANGERS;49007;F;Sophia;4;2016
ANGERS;49007;F;Léna;22;2017
ANGERS;49007;F;Candice;18;2017
ANGERS;49007;F;Mathilde;12;2017
ANGERS;49007;F;Romy;4;2017
ANGERS;49007;M;Samuel;8;2013
ANGERS;49007;M;Samuel;13;2014
ANGERS;49007;M;Rayan;9;2014
ANGERS;49007;M;Julian;8;2014
ANGERS;49007;M;Félix;5;2014
ANGERS;49007;M;Marius;28;2015
ANGERS;49007;M;Victor;30;2016
ANGERS;49007;M;Lucien;18;2016
ANGERS;49007;M;Thomas;14;2016
ANGERS;49007;M;Elliot;7;2016
ANGERS;49007;F;Inaya;11;2017
ANGERS;49007;F;Capucine;14;2018
ANGERS;49007;F;Candice;12;2018
ANGERS;49007;F;Nina;9;2018
ANGERS;49007;M;Marius;20;2013
ANGERS;49007;M;Valentin;20;2013
ANGERS;49007;M;Léandre;14;2013
ANGERS;49007;M;Quentin;14;2013
ANGERS;49007;M;Pablo;6;2013
ANGERS;49007;M;Thiago;8;2014
ANGERS;49007;M;Abel;7;2014
ANGERS;49007;M;Luis;5;2014
ANGERS;49007;M;Nolhan;4;2014
ANGERS;49007;M;Liam;30;2015
ANGERS;49007;M;Tom;27;2015
ANGERS;49007;M;Léon;14;2015
ANGERS;49007;M;Côme;5;2017
ANGERS;49007;M;Lenzo;4;2017
ANGERS;49007;M;Adam;20;2018
ANGERS;49007;M;Tom;19;2018
ANGERS;49007;M;Nolan;12;2018
ANGERS;49007;M;Enzo;9;2018
ANGERS;49007;M;Ali;6;2018
ANGERS;49007;M;Khalil;6;2018
ANGERS;49007;M;Joshua;4;2018
ANGERS;49007;M;Léopold;4;2018
ANGERS;49007;M;Tyméo;4;2018
ANGERS;49007;F;Amina;4;2016
ANGERS;49007;F;Morgane;4;2016
ANGERS;49007;F;Lana;10;2017
ANGERS;49007;F;Romy;19;2018
ANGERS;49007;M;Raphaël;35;2014
ANGERS;49007;M;Thomas;20;2014
ANGERS;49007;M;Charlie;14;2014
ANGERS;49007;M;Soan;8;2016
ANGERS;49007;M;Achille;6;2016
ANGERS;49007;M;Corentin;4;2016
ANGERS;49007;M;Mathias;4;2016
ANGERS;49007;M;Yassine;4;2016
ANGERS;49007;M;Léandre;15;2017
ANGERS;49007;M;Soan;9;2017
ANGERS;49007;M;Edouard;5;2017
ANGERS;49007;M;Gaston;4;2017
ANGERS;49007;M;Adem;8;2018
ANGERS;49007;M;Elias;7;2018
ANGERS;49007;M;Issa;7;2018
ANGERS;49007;M;Luka;5;2018
ANGERS;49007;M;Mattéo;5;2018
ANGERS;49007;M;Nathanaël;5;2018
ANGERS;49007;F;Lola;36;2013
ANGERS;49007;F;Margaux;16;2013
ANGERS;49007;F;Elsa;11;2013
ANGERS;49007;F;Noémie;10;2013
ANGERS;49007;F;Leïla;6;2013
ANGERS;49007;F;Maïwenn;6;2013
ANGERS;49007;F;Albane;5;2013
ANGERS;49007;F;Yasmine;5;2013
ANGERS;49007;F;Diane;4;2013
ANGERS;49007;F;Fanny;4;2013
ANGERS;49007;F;Charlie;12;2014
ANGERS;49007;F;Lison;12;2014
ANGERS;49007;F;Flora;7;2014
ANGERS;49007;F;Inaya;6;2014
ANGERS;49007;F;Alana;4;2014
ANGERS;49007;F;Joséphine;4;2014
ANGERS;49007;F;Louise;51;2015
ANGERS;49007;F;Victoire;9;2015
ANGERS;49007;F;Elisa;6;2015
ANGERS;49007;F;Alyssa;4;2015
ANGERS;49007;F;Aria;4;2015
ANGERS;49007;F;Célestine;4;2015
ANGERS;49007;F;Nora;4;2015
ANGERS;49007;F;Sasha;4;2015
ANGERS;49007;F;Lou;20;2016
ANGERS;49007;F;Soline;16;2017
ANGERS;49007;F;Victoire;12;2017
ANGERS;49007;F;Lylou;4;2017
ANGERS;49007;F;Anouk;8;2018
ANGERS;49007;M;Malone;4;2013
ANGERS;49007;M;Nassim;4;2013
ANGERS;49007;M;Firmin;4;2014
ANGERS;49007;M;Léo;43;2015
ANGERS;49007;M;Swann;4;2015
ANGERS;49007;M;Timothé;6;2016
ANGERS;49007;M;Antoine;12;2017
ANGERS;49007;M;Félix;6;2017
ANGERS;49007;M;Naïm;6;2017
ANGERS;49007;M;Noham;7;2017
ANGERS;49007;M;Ismaël;4;2017
ANGERS;49007;M;Eliott;20;2018
ANGERS;49007;M;Maxime;12;2018
ANGERS;49007;M;Basile;10;2018
ANGERS;49007;M;Noam;10;2018
ANGERS;49007;M;Aubin;7;2018
ANGERS;49007;M;Milan;6;2018
ANGERS;49007;M;Armand;4;2018
ANGERS;49007;M;Malone;6;2016
ANGERS;49007;M;Lylian;4;2016
ANGERS;49007;M;Malo;36;2017
ANGERS;49007;M;Eliott;24;2017
ANGERS;49007;F;Anouk;7;2013
ANGERS;49007;F;Constance;6;2013
ANGERS;49007;F;Flora;5;2013
ANGERS;49007;F;Eulalie;4;2013
ANGERS;49007;F;Ambre;18;2014
ANGERS;49007;F;Marie;10;2014
ANGERS;49007;F;Roxane;9;2014
ANGERS;49007;F;Norah;8;2014
ANGERS;49007;F;Anouk;6;2014
ANGERS;49007;F;Assia;5;2014
ANGERS;49007;F;Charline;5;2014
ANGERS;49007;F;Maëly;5;2014
ANGERS;49007;F;Tya;4;2014
ANGERS;49007;F;Pauline;8;2015
ANGERS;49007;F;Calie;6;2015
ANGERS;49007;F;Océane;6;2015
ANGERS;49007;F;Cloé;5;2015
ANGERS;49007;F;Apolline;4;2015
ANGERS;49007;F;Soline;20;2016
ANGERS;49007;F;Margaux;19;2016
ANGERS;49007;F;Maëlys;16;2016
ANGERS;49007;F;Sofia;8;2017
ANGERS;49007;F;Anaëlle;5;2018
ANGERS;49007;F;Ayana;4;2018
ANGERS;49007;F;Sara;4;2018
ANGERS;49007;M;Noé;29;2013
ANGERS;49007;M;Charly;10;2013
ANGERS;49007;M;Tiago;10;2013
ANGERS;49007;M;Imran;6;2013
ANGERS;49007;M;Lenzo;8;2015
ANGERS;49007;M;Hugo;36;2016
ANGERS;49007;F;Charlotte;15;2016
ANGERS;49007;F;Ninon;11;2016
ANGERS;49007;F;Méline;8;2016
ANGERS;49007;F;Clémence;14;2017
ANGERS;49007;M;Mathéo;13;2014
ANGERS;49007;M;Titouan;8;2014
ANGERS;49007;M;Evan;12;2015
ANGERS;49007;M;Gaël;6;2015
ANGERS;49007;M;Swan;6;2015
ANGERS;49007;M;Axel;30;2016
ANGERS;49007;M;Siméon;4;2014
ANGERS;49007;M;Adam;26;2015
ANGERS;49007;M;Maxime;15;2015
ANGERS;49007;F;Lise;6;2016
ANGERS;49007;M;Gaël;4;2013
ANGERS;49007;M;Antonin;7;2016
ANGERS;49007;M;Lorenzo;6;2016
ANGERS;49007;M;Ewen;11;2017
ANGERS;49007;M;Evan;9;2017
ANGERS;49007;M;Milo;10;2018
ANGERS;49007;M;Marcel;9;2018
ANGERS;49007;M;Abel;6;2018
ANGERS;49007;M;Mayron;6;2018
ANGERS;49007;M;Charly;5;2018
ANGERS;49007;M;Elyo;4;2018
ANGERS;49007;F;Valentine;14;2016
ANGERS;49007;F;Eden;6;2016
ANGERS;49007;F;Aya;5;2016
ANGERS;49007;F;Mélissa;5;2016
ANGERS;49007;F;Maïssa;4;2016
ANGERS;49007;F;Margot;22;2017
ANGERS;49007;F;Romane;20;2017
ANGERS;49007;F;Louna;17;2017
ANGERS;49007;F;Cloé;4;2017
ANGERS;49007;F;Margaux;21;2018
ANGERS;49007;F;Lou;18;2018
ANGERS;49007;F;Charlie;9;2018
ANGERS;49007;F;Océane;7;2018
ANGERS;49007;M;Raphaël;38;2013
ANGERS;49007;M;Mathis;26;2013
ANGERS;49007;M;Mathys;13;2013
ANGERS;49007;M;Yanis;12;2013
ANGERS;49007;M;Kylian;8;2013
ANGERS;49007;M;Alban;7;2013
ANGERS;49007;M;Benjamin;7;2013
ANGERS;49007;M;Lukas;4;2013
ANGERS;49007;M;Kaïs;9;2014
ANGERS;49007;M;Corentin;7;2014
ANGERS;49007;M;Oscar;11;2015
ANGERS;49007;M;Erwan;5;2015
ANGERS;49007;M;Lorenzo;5;2015
ANGERS;49007;M;Tyméo;5;2015
ANGERS;49007;M;Yaël;5;2015
ANGERS;49007;M;Raphaël;43;2016
ANGERS;49007;M;Mathis;16;2016
ANGERS;49007;M;Pierre;12;2016
ANGERS;49007;M;Joseph;11;2016
ANGERS;49007;M;Ayden;9;2016
ANGERS;49007;F;Rose;31;2013
ANGERS;49007;F;Célia;16;2013
ANGERS;49007;F;Inaya;10;2013
ANGERS;49007;F;Apolline;9;2013
ANGERS;49007;F;Ninon;9;2013
ANGERS;49007;F;Justine;8;2013
ANGERS;49007;F;Elya;5;2013
ANGERS;49007;F;Rose;40;2014
ANGERS;49007;F;Chloé;33;2014
ANGERS;49007;F;Candice;12;2014
ANGERS;49007;F;Mya;10;2014
ANGERS;49007;F;Julie;4;2014
ANGERS;49007;F;Léa;36;2015
ANGERS;49007;F;Margaux;22;2015
ANGERS;49007;F;Anna;18;2015
ANGERS;49007;F;Ambre;15;2015
ANGERS;49007;F;Louna;13;2015
ANGERS;49007;F;Ilyana;6;2015
ANGERS;49007;F;Roxane;4;2015
ANGERS;49007;F;Zélie;4;2015
ANGERS;49007;M;Logan;6;2016
ANGERS;49007;M;Paulin;5;2016
ANGERS;49007;M;Thiago;5;2016
ANGERS;49007;M;Eliot;4;2016
ANGERS;49007;M;Pacôme;4;2017
ANGERS;49007;M;Théo;20;2018
ANGERS;49007;M;Mathias;4;2013
ANGERS;49007;M;Gabin;36;2014
ANGERS;49007;M;Valentin;15;2014
ANGERS;49007;M;Noé;25;2015
ANGERS;49007;M;Jonas;5;2015
ANGERS;49007;M;Ilyes;7;2016
ANGERS;49007;M;Loan;7;2016
ANGERS;49007;M;Jean;10;2017
ANGERS;49007;M;Elio;6;2017
ANGERS;49007;M;Haroun;4;2017
ANGERS;49007;M;Léo;36;2018
ANGERS;49007;M;Lucas;23;2018
ANGERS;49007;M;Malone;13;2018
ANGERS;49007;M;Côme;7;2018
ANGERS;49007;M;Gauthier;4;2018
ANGERS;49007;F;Jade;43;2013
ANGERS;49007;F;Maëlys;17;2013
ANGERS;49007;F;Romane;17;2013
ANGERS;49007;F;Lisa;15;2013
ANGERS;49007;F;Julie;13;2013
ANGERS;49007;F;Mathilde;10;2013
ANGERS;49007;F;Eva;9;2013
ANGERS;49007;F;Luna;6;2013
ANGERS;49007;F;Julia;18;2014
ANGERS;49007;F;Emmy;8;2014
ANGERS;49007;F;Mia;7;2014
ANGERS;49007;F;Aïcha;6;2014
ANGERS;49007;F;Lalie;6;2014
ANGERS;49007;F;Eléna;5;2014
ANGERS;49007;F;Chloé;46;2015
ANGERS;49007;F;Romane;22;2015
ANGERS;49007;F;Salomé;12;2015
ANGERS;49007;F;Mia;11;2015
ANGERS;49007;F;Charline;7;2015
ANGERS;49007;F;Lyna;4;2015
ANGERS;49007;F;Shana;4;2016
ANGERS;49007;F;Léonie;9;2017
ANGERS;49007;F;Nina;8;2017
ANGERS;49007;F;Pauline;8;2017
ANGERS;49007;F;Elina;6;2017
ANGERS;49007;F;Louna;14;2018
ANGERS;49007;F;Salomé;9;2018
ANGERS;49007;F;Valentine;8;2018
ANGERS;49007;F;Calie;7;2018
ANGERS;49007;F;Bertille;5;2018
ANGERS;49007;F;Elina;5;2018
ANGERS;49007;M;Louis;39;2013
ANGERS;49007;M;Sacha;32;2013
ANGERS;49007;M;Charlie;11;2013
ANGERS;49007;M;Naël;7;2013
ANGERS;49007;M;Elio;6;2013
ANGERS;49007;M;Timothée;6;2013
ANGERS;49007;M;Colin;4;2013
ANGERS;49007;M;Natéo;4;2013
ANGERS;49007;M;Noé;28;2014
ANGERS;49007;M;Robin;22;2014
ANGERS;49007;M;Camille;10;2014
ANGERS;49007;M;Diego;8;2014
ANGERS;49007;M;Victor;13;2015
ANGERS;49007;M;Martin;17;2016
ANGERS;49007;M;Isaac;9;2016
ANGERS;49007;M;Tiago;12;2014
ANGERS;49007;M;Mamadou;5;2014
ANGERS;49007;M;Matthew;4;2014
ANGERS;49007;M;Gaspard;22;2015
ANGERS;49007;M;Aaron;8;2015
ANGERS;49007;M;Ilyes;5;2015
ANGERS;49007;M;Kylian;5;2016
ANGERS;49007;M;Melvin;4;2016
ANGERS;49007;M;Marius;34;2017
ANGERS;49007;M;Mahé;8;2017
ANGERS;49007;M;Basile;7;2017
ANGERS;49007;M;Joshua;6;2017
ANGERS;49007;M;Solal;5;2017
ANGERS;49007;M;Yann;5;2017
ANGERS;49007;M;Charles;7;2018
ANGERS;49007;F;Julie;10;2016
ANGERS;49007;F;Inaya;9;2016
ANGERS;49007;F;Louisa;7;2013
ANGERS;49007;F;Angèle;6;2013
ANGERS;49007;F;Eléna;4;2013
ANGERS;49007;F;Louane;18;2014
ANGERS;49007;F;Amélie;4;2014
ANGERS;49007;F;Augustine;4;2014
ANGERS;49007;F;Axelle;4;2014
ANGERS;49007;F;Camélia;4;2014
ANGERS;49007;F;Charlotte;17;2015
ANGERS;49007;F;Lya;6;2015
ANGERS;49007;F;Lilas;4;2015
ANGERS;49007;F;Juliette;25;2016
ANGERS;49007;F;Alicia;7;2016
ANGERS;49007;F;Emilie;6;2016
ANGERS;49007;F;Louison;4;2016
ANGERS;49007;F;Zélie;13;2018
ANGERS;49007;F;Lison;9;2018
ANGERS;49007;F;Madeleine;8;2018
ANGERS;49007;M;Axel;38;2013
ANGERS;49007;M;Emile;7;2013
ANGERS;49007;M;Lucas;39;2014
ANGERS;49007;M;Alexis;13;2014
ANGERS;49007;M;Timothé;9;2014
ANGERS;49007;M;Matéo;4;2014
ANGERS;49007;M;Tiago;13;2015
ANGERS;49007;M;Luis;4;2016
ANGERS;49007;M;Sasha;4;2016
ANGERS;49007;F;Lily-Rose;6;2017
ANGERS;49007;M;Oscar;11;2013
ANGERS;49007;M;Lucien;6;2014
ANGERS;49007;M;Marceau;6;2014
ANGERS;49007;M;Clément;24;2016
ANGERS;49007;M;Aaron;20;2016
ANGERS;49007;M;Eden;15;2016
ANGERS;49007;M;Maxence;20;2017
ANGERS;49007;M;Maxime;11;2017
ANGERS;49007;M;Achille;8;2017
ANGERS;49007;M;Joseph;8;2017
ANGERS;49007;M;Timothée;8;2017
ANGERS;49007;M;Abel;7;2017
ANGERS;49007;M;Marin;7;2017
ANGERS;49007;M;Ibrahim;6;2017
ANGERS;49007;M;Jonas;4;2017
ANGERS;49007;F;Inès;33;2017
ANGERS;49007;F;Manon;25;2017
ANGERS;49007;F;Sarah;15;2017
ANGERS;49007;F;Aya;7;2017
ANGERS;49007;F;Isia;4;2017
ANGERS;49007;M;Elouan;4;2013
ANGERS;49007;M;Maxence;25;2014
ANGERS;49007;M;Thomas;18;2015
ANGERS;49007;M;Logan;4;2015
ANGERS;49007;M;Jules;57;2016
ANGERS;49007;M;Ilyes;5;2017
ANGERS;49007;M;Léon;12;2018
ANGERS;49007;M;Lyam;9;2018
ANGERS;49007;M;Lino;8;2018
ANGERS;49007;M;Swann;6;2018
ANGERS;49007;M;Diego;4;2018
ANGERS;49007;M;Yassin;4;2018
ANGERS;49007;F;Nora;13;2016
ANGERS;49007;F;Roxane;7;2016
ANGERS;49007;F;Eline;5;2016
ANGERS;49007;F;Leïla;5;2016
ANGERS;49007;F;Rose;30;2017
ANGERS;49007;F;Lola;27;2017
ANGERS;49007;F;Alice;26;2018
ANGERS;49007;M;Rafaël;8;2013
ANGERS;49007;M;Léonard;5;2013
ANGERS;49007;M;Matthieu;6;2014
ANGERS;49007;M;Tylian;5;2015
ANGERS;49007;M;Adam;22;2016
ANGERS;49007;M;Maxime;21;2016
ANGERS;49007;M;Augustin;19;2016
ANGERS;49007;M;Malo;19;2016
ANGERS;49007;M;Camille;11;2016
ANGERS;49007;M;Timothée;9;2016
ANGERS;49007;M;Evan;8;2016
ANGERS;49007;M;Basile;7;2016
ANGERS;49007;F;Lise;6;2018
ANGERS;49007;F;Céleste;4;2018
ANGERS;49007;M;Hugo;48;2013
ANGERS;49007;M;Léo;37;2013
ANGERS;49007;M;Enzo;27;2013
ANGERS;49007;M;Gabin;23;2013
ANGERS;49007;M;Milo;6;2013
ANGERS;49007;M;Arthur;44;2014
ANGERS;49007;M;Mahé;10;2014
ANGERS;49007;M;Lenzo;5;2014
ANGERS;49007;M;Luka;4;2014
ANGERS;49007;M;Maël;35;2015
ANGERS;49007;M;Mathis;28;2015
ANGERS;49007;M;Enzo;22;2015
ANGERS;49007;M;Camille;15;2015
ANGERS;49007;M;Emile;8;2017
ANGERS;49007;M;Armand;6;2017
ANGERS;49007;M;Samuel;11;2018
ANGERS;49007;M;Elliot;7;2018
ANGERS;49007;M;Louka;7;2018
ANGERS;49007;M;Bilal;4;2018
ANGERS;49007;F;Célia;6;2016
ANGERS;49007;F;Roxane;10;2017
ANGERS;49007;F;Alya;4;2017
ANGERS;49007;F;Lyna;8;2018
ANGERS;49007;F;Suzanne;8;2018
ANGERS;49007;M;Antoine;19;2014
ANGERS;49007;M;Noah;19;2014
ANGERS;49007;M;Charly;5;2016
ANGERS;49007;M;Bryan;4;2016
ANGERS;49007;M;Ruben;4;2016
ANGERS;49007;M;Mathéo;22;2017
ANGERS;49007;M;Adam;19;2017
ANGERS;49007;M;Lorenzo;5;2018
ANGERS;49007;F;Manon;41;2013
ANGERS;49007;F;Adèle;23;2013
ANGERS;49007;F;Enola;11;2013
ANGERS;49007;F;Lana;9;2013
ANGERS;49007;F;Méline;7;2013
ANGERS;49007;F;Elia;5;2013
ANGERS;49007;F;Khadija;4;2013
ANGERS;49007;F;Clara;17;2014
ANGERS;49007;F;Soline;11;2014
ANGERS;49007;F;Lisa;9;2014
ANGERS;49007;F;Louisa;8;2014
ANGERS;49007;F;Victoire;8;2014
ANGERS;49007;F;Prune;4;2014
ANGERS;49007;F;Sixtine;4;2014
ANGERS;49007;F;Mila;11;2015
ANGERS;49007;F;Marie;9;2015
ANGERS;49007;F;Coline;6;2015
ANGERS;49007;F;Lily-Rose;6;2015
ANGERS;49007;F;Amina;5;2015
ANGERS;49007;F;Alice;42;2016
